{"cameraMode":{"drawMode":0,"name":"Shaded","section":"Shading Mode"},"sceneLighting":true,"audioPlay":false,"sceneViewState":{"m_AlwaysRefresh":false,"showFog":true,"showSkybox":true,"showFlares":true,"showImageEffects":true,"showParticleSystems":true,"showVisualEffectGraphs":true,"m_FxEnabled":true},"in2DMode":false,"pivot":{"x":-14.105864524841309,"y":-0.4440007209777832,"z":-0.7594842910766602},"rotation":{"x":-0.25940704345703127,"y":-0.4020128846168518,"z":0.11989227682352066,"w":-0.8699061870574951},"size":3.7437727451324465,"orthographic":true}